"","PAR","METHOD","NSIZE","COMMUNALITY","SPECIFICATION","MODERROR","est"
"2","c","BS","30","Low","Correct","e=0.09 (XL)",0.0457612175630041
"5","c","RS","30","Low","Correct","e=0.09 (XL)",0.0263633347715162
"8","c","ILV","30","Low","Correct","e=0.09 (XL)",0.0805819417336398
"11","c","SEM","30","Low","Correct","e=0.09 (XL)",0.0360083358308317
"14","c","SS","30","Low","Correct","e=0.09 (XL)",0.255922007688971
"17","c","BS","30","Low","Simple","e=0.09 (XL)",0.411922095871646
"20","c","RS","30","Low","Simple","e=0.09 (XL)",0.519752338379261
"23","c","ILV","30","Low","Simple","e=0.09 (XL)",0.469454112033699
"26","c","SEM","30","Low","Simple","e=0.09 (XL)",0.473534453330025
"29","c","SS","30","Low","Simple","e=0.09 (XL)",0.364795240552649
"32","c","BS","60","Low","Correct","e=0.09 (XL)",0.0240007624350035
"35","c","RS","60","Low","Correct","e=0.09 (XL)",-0.0166900599907206
"38","c","ILV","60","Low","Correct","e=0.09 (XL)",0.0285853375429346
"41","c","SEM","60","Low","Correct","e=0.09 (XL)",0.00614369489734509
"44","c","SS","60","Low","Correct","e=0.09 (XL)",0.247941099242923
"47","c","BS","60","Low","Simple","e=0.09 (XL)",0.445774608231996
"50","c","RS","60","Low","Simple","e=0.09 (XL)",0.602155990690283
"53","c","ILV","60","Low","Simple","e=0.09 (XL)",0.537409689968892
"56","c","SEM","60","Low","Simple","e=0.09 (XL)",0.560199216284671
"59","c","SS","60","Low","Simple","e=0.09 (XL)",0.362609638896809
"62","c","BS","100","Low","Correct","e=0.09 (XL)",0.0276135433873411
"65","c","RS","100","Low","Correct","e=0.09 (XL)",-0.0214919424865855
"68","c","ILV","100","Low","Correct","e=0.09 (XL)",0.0181017559814187
"71","c","SEM","100","Low","Correct","e=0.09 (XL)",0.00566387815485761
"74","c","SS","100","Low","Correct","e=0.09 (XL)",0.244086747573512
"77","c","BS","100","Low","Simple","e=0.09 (XL)",0.46596050392235
"80","c","RS","100","Low","Simple","e=0.09 (XL)",0.629242411098567
"83","c","ILV","100","Low","Simple","e=0.09 (XL)",0.562464177882076
"86","c","SEM","100","Low","Simple","e=0.09 (XL)",0.58513713296228
"89","c","SS","100","Low","Simple","e=0.09 (XL)",0.366961970261395
"92","c","BS","200","Low","Correct","e=0.09 (XL)",0.0220628035194437
"95","c","RS","200","Low","Correct","e=0.09 (XL)",-0.0314289343961571
"98","c","ILV","200","Low","Correct","e=0.09 (XL)",0.00348137826193096
"101","c","SEM","200","Low","Correct","e=0.09 (XL)",-0.00230634137881033
"104","c","SS","200","Low","Correct","e=0.09 (XL)",0.238738404795176
"107","c","BS","200","Low","Simple","e=0.09 (XL)",0.478782252289435
"110","c","RS","200","Low","Simple","e=0.09 (XL)",0.652821152218719
"113","c","ILV","200","Low","Simple","e=0.09 (XL)",0.589590754756212
"116","c","SEM","200","Low","Simple","e=0.09 (XL)",0.601419291403374
"119","c","SS","200","Low","Simple","e=0.09 (XL)",0.365001083100734
"122","c","BS","300","Low","Correct","e=0.09 (XL)",0.0235495078343693
"125","c","RS","300","Low","Correct","e=0.09 (XL)",-0.0291960369361407
"128","c","ILV","300","Low","Correct","e=0.09 (XL)",0.00403991187670311
"131","c","SEM","300","Low","Correct","e=0.09 (XL)",-0.000160928981000742
"134","c","SS","300","Low","Correct","e=0.09 (XL)",0.240364375101576
"137","c","BS","300","Low","Simple","e=0.09 (XL)",0.481338916259576
"140","c","RS","300","Low","Simple","e=0.09 (XL)",0.663292224554125
"143","c","ILV","300","Low","Simple","e=0.09 (XL)",0.601594924037027
"146","c","SEM","300","Low","Simple","e=0.09 (XL)",0.608125637372933
"149","c","SS","300","Low","Simple","e=0.09 (XL)",0.365946492178736
"152","c","BS","400","Low","Correct","e=0.09 (XL)",0.0228089069444257
"155","c","RS","400","Low","Correct","e=0.09 (XL)",-0.0311376617858541
"158","c","ILV","400","Low","Correct","e=0.09 (XL)",0.00169491984457992
"161","c","SEM","400","Low","Correct","e=0.09 (XL)",-0.00143728184836978
"164","c","SS","400","Low","Correct","e=0.09 (XL)",0.239945806541765
"167","c","BS","400","Low","Simple","e=0.09 (XL)",0.480076460249594
"170","c","RS","400","Low","Simple","e=0.09 (XL)",0.660860265768313
"173","c","ILV","400","Low","Simple","e=0.09 (XL)",0.601135245484782
"176","c","SEM","400","Low","Simple","e=0.09 (XL)",0.605514574286464
"179","c","SS","400","Low","Simple","e=0.09 (XL)",0.365037649711533
"182","c","BS","30","Low","Correct","e=0.03 (XL)",0.0363567215591458
"185","c","RS","30","Low","Correct","e=0.03 (XL)",-0.0172008123510741
"188","c","ILV","30","Low","Correct","e=0.03 (XL)",0.054452229117071
"191","c","SEM","30","Low","Correct","e=0.03 (XL)",0.0127426547775432
"194","c","SS","30","Low","Correct","e=0.03 (XL)",0.14003494701735
"197","c","BS","30","Low","Simple","e=0.03 (XL)",0.130011520148341
"200","c","RS","30","Low","Simple","e=0.03 (XL)",0.0662059224260955
"203","c","ILV","30","Low","Simple","e=0.03 (XL)",0.11841798597896
"206","c","SEM","30","Low","Simple","e=0.03 (XL)",0.0958497408242566
"209","c","SS","30","Low","Simple","e=0.03 (XL)",0.13098496809762
"212","c","BS","60","Low","Correct","e=0.03 (XL)",0.0249601779469986
"215","c","RS","60","Low","Correct","e=0.03 (XL)",-0.028060444390441
"218","c","ILV","60","Low","Correct","e=0.03 (XL)",0.0277751272174938
"221","c","SEM","60","Low","Correct","e=0.03 (XL)",-0.00184729752336228
"224","c","SS","60","Low","Correct","e=0.03 (XL)",0.138769277588685
"227","c","BS","60","Low","Simple","e=0.03 (XL)",0.134745240142283
"230","c","RS","60","Low","Simple","e=0.03 (XL)",0.0741428905488465
"233","c","ILV","60","Low","Simple","e=0.03 (XL)",0.111384568068494
"236","c","SEM","60","Low","Simple","e=0.03 (XL)",0.101995372891914
"239","c","SS","60","Low","Simple","e=0.03 (XL)",0.128294711541493
"242","c","BS","100","Low","Correct","e=0.03 (XL)",0.024457195271489
"245","c","RS","100","Low","Correct","e=0.03 (XL)",-0.0414589045372866
"248","c","ILV","100","Low","Correct","e=0.03 (XL)",0.011624909069519
"251","c","SEM","100","Low","Correct","e=0.03 (XL)",-0.00820491841435711
"254","c","SS","100","Low","Correct","e=0.03 (XL)",0.139792657999992
"257","c","BS","100","Low","Simple","e=0.03 (XL)",0.135219087010702
"260","c","RS","100","Low","Simple","e=0.03 (XL)",0.0700435164655066
"263","c","ILV","100","Low","Simple","e=0.03 (XL)",0.106447096550598
"266","c","SEM","100","Low","Simple","e=0.03 (XL)",0.0996079509005471
"269","c","SS","100","Low","Simple","e=0.03 (XL)",0.129654691903666
"272","c","BS","200","Low","Correct","e=0.03 (XL)",0.0320484757406728
"275","c","RS","200","Low","Correct","e=0.03 (XL)",-0.0355255963944276
"278","c","ILV","200","Low","Correct","e=0.03 (XL)",0.00875263613155588
"281","c","SEM","200","Low","Correct","e=0.03 (XL)",-0.000313679038173153
"284","c","SS","200","Low","Correct","e=0.03 (XL)",0.140312922407502
"287","c","BS","200","Low","Simple","e=0.03 (XL)",0.138220681629544
"290","c","RS","200","Low","Simple","e=0.03 (XL)",0.0786487307256127
"293","c","ILV","200","Low","Simple","e=0.03 (XL)",0.108678918699468
"296","c","SEM","200","Low","Simple","e=0.03 (XL)",0.107451138940079
"299","c","SS","200","Low","Simple","e=0.03 (XL)",0.133951312285247
"302","c","BS","300","Low","Correct","e=0.03 (XL)",0.0344589453344098
"305","c","RS","300","Low","Correct","e=0.03 (XL)",-0.0336894521343089
"308","c","ILV","300","Low","Correct","e=0.03 (XL)",0.00803498757706363
"311","c","SEM","300","Low","Correct","e=0.03 (XL)",0.00222013969387614
"314","c","SS","300","Low","Correct","e=0.03 (XL)",0.14185296287341
"317","c","BS","300","Low","Simple","e=0.03 (XL)",0.138873673253925
"320","c","RS","300","Low","Simple","e=0.03 (XL)",0.0796553137117557
"323","c","ILV","300","Low","Simple","e=0.03 (XL)",0.110069619078286
"326","c","SEM","300","Low","Simple","e=0.03 (XL)",0.108835562952232
"329","c","SS","300","Low","Simple","e=0.03 (XL)",0.133889245566439
"332","c","BS","400","Low","Correct","e=0.03 (XL)",0.0335499660718995
"335","c","RS","400","Low","Correct","e=0.03 (XL)",-0.0363124328014489
"338","c","ILV","400","Low","Correct","e=0.03 (XL)",0.0045118575576031
"341","c","SEM","400","Low","Correct","e=0.03 (XL)",0.000461365935457491
"344","c","SS","400","Low","Correct","e=0.03 (XL)",0.141518576442754
"347","c","BS","400","Low","Simple","e=0.03 (XL)",0.13844186781727
"350","c","RS","400","Low","Simple","e=0.03 (XL)",0.0791575479759836
"353","c","ILV","400","Low","Simple","e=0.03 (XL)",0.109228384573816
"356","c","SEM","400","Low","Simple","e=0.03 (XL)",0.108529357369084
"359","c","SS","400","Low","Simple","e=0.03 (XL)",0.133655558198856
"362","c","BS","30","Low","Correct","e=0",0.0435446569800884
"365","c","RS","30","Low","Correct","e=0",-0.0370789472622568
"368","c","ILV","30","Low","Correct","e=0",0.0301345789143043
"371","c","SEM","30","Low","Correct","e=0",-0.00547679983341983
"374","c","SS","30","Low","Correct","e=0",0.0515936784102041
"377","c","BS","30","Low","Simple","e=0",0.0435446569800884
"380","c","RS","30","Low","Simple","e=0",-0.0370789472622568
"383","c","ILV","30","Low","Simple","e=0",0.0301345789143043
"386","c","SEM","30","Low","Simple","e=0",-0.00547679983341983
"389","c","SS","30","Low","Simple","e=0",0.0515936784102041
"392","c","BS","60","Low","Correct","e=0",0.0432989233426816
"395","c","RS","60","Low","Correct","e=0",-0.040790226671456
"398","c","ILV","60","Low","Correct","e=0",0.0144961862298844
"401","c","SEM","60","Low","Correct","e=0",-0.00280288351417439
"404","c","SS","60","Low","Correct","e=0",0.0472431716754688
"407","c","BS","60","Low","Simple","e=0",0.0432989233426816
"410","c","RS","60","Low","Simple","e=0",-0.040790226671456
"413","c","ILV","60","Low","Simple","e=0",0.0144961862298844
"416","c","SEM","60","Low","Simple","e=0",-0.00280288351417439
"419","c","SS","60","Low","Simple","e=0",0.0472431716754688
"422","c","BS","100","Low","Correct","e=0",0.043092917623402
"425","c","RS","100","Low","Correct","e=0",-0.0419602041215606
"428","c","ILV","100","Low","Correct","e=0",0.00466688502339167
"431","c","SEM","100","Low","Correct","e=0",-0.00280186918229678
"434","c","SS","100","Low","Correct","e=0",0.0463258941306876
"437","c","BS","100","Low","Simple","e=0",0.043092917623402
"440","c","RS","100","Low","Simple","e=0",-0.0419602041215606
"443","c","ILV","100","Low","Simple","e=0",0.00466688502339167
"446","c","SEM","100","Low","Simple","e=0",-0.00280186918229678
"449","c","SS","100","Low","Simple","e=0",0.0463258941306876
"452","c","BS","200","Low","Correct","e=0",0.0441562583321492
"455","c","RS","200","Low","Correct","e=0",-0.039920123102713
"458","c","ILV","200","Low","Correct","e=0",0.00331919651612426
"461","c","SEM","200","Low","Correct","e=0",-1.16325930021261e-05
"464","c","SS","200","Low","Correct","e=0",0.0455598333673788
"467","c","BS","200","Low","Simple","e=0",0.0441562583321492
"470","c","RS","200","Low","Simple","e=0",-0.039920123102713
"473","c","ILV","200","Low","Simple","e=0",0.00331919651612426
"476","c","SEM","200","Low","Simple","e=0",-1.16325930021261e-05
"479","c","SS","200","Low","Simple","e=0",0.0455598333673788
"482","c","BS","300","Low","Correct","e=0",0.0436464463943067
"485","c","RS","300","Low","Correct","e=0",-0.0402449574033505
"488","c","ILV","300","Low","Correct","e=0",0.00191937902298145
"491","c","SEM","300","Low","Correct","e=0",-8.27475445296063e-05
"494","c","SS","300","Low","Correct","e=0",0.0449144648066213
"497","c","BS","300","Low","Simple","e=0",0.0436464463943067
"500","c","RS","300","Low","Simple","e=0",-0.0402449574033505
"503","c","ILV","300","Low","Simple","e=0",0.00191937902298145
"506","c","SEM","300","Low","Simple","e=0",-8.27475445296063e-05
"509","c","SS","300","Low","Simple","e=0",0.0449144648066213
"512","c","BS","400","Low","Correct","e=0",0.0434509161114429
"515","c","RS","400","Low","Correct","e=0",-0.041013522273787
"518","c","ILV","400","Low","Correct","e=0",0.000609161470720292
"521","c","SEM","400","Low","Correct","e=0",-0.000453430542504656
"524","c","SS","400","Low","Correct","e=0",0.0447751480473741
"527","c","BS","400","Low","Simple","e=0",0.0434509161114429
"530","c","RS","400","Low","Simple","e=0",-0.041013522273787
"533","c","ILV","400","Low","Simple","e=0",0.000609161470720292
"536","c","SEM","400","Low","Simple","e=0",-0.000453430542504656
"539","c","SS","400","Low","Simple","e=0",0.0447751480473741
"542","c","BS","30","Low","Correct","e=0.03 (RC)",0.071023875581438
"545","c","RS","30","Low","Correct","e=0.03 (RC)",0.00515729548058859
"548","c","ILV","30","Low","Correct","e=0.03 (RC)",0.0571933975272221
"551","c","SEM","30","Low","Correct","e=0.03 (RC)",0.033947576515579
"554","c","SS","30","Low","Correct","e=0.03 (RC)",0.0723490394988437
"557","c","BS","30","Low","Simple","e=0.03 (RC)",0.0671652922360179
"560","c","RS","30","Low","Simple","e=0.03 (RC)",0.0156793504142793
"563","c","ILV","30","Low","Simple","e=0.03 (RC)",0.0515372032335551
"566","c","SEM","30","Low","Simple","e=0.03 (RC)",0.0385145900541407
"569","c","SS","30","Low","Simple","e=0.03 (RC)",0.0723490394988437
"572","c","BS","60","Low","Correct","e=0.03 (RC)",0.0456768668459194
"575","c","RS","60","Low","Correct","e=0.03 (RC)",-0.046497936186643
"578","c","ILV","60","Low","Correct","e=0.03 (RC)",0.0174309613183665
"581","c","SEM","60","Low","Correct","e=0.03 (RC)",-0.00677591880673827
"584","c","SS","60","Low","Correct","e=0.03 (RC)",0.0480730705106054
"587","c","BS","60","Low","Simple","e=0.03 (RC)",0.0452073181460678
"590","c","RS","60","Low","Simple","e=0.03 (RC)",-0.0225664535691632
"593","c","ILV","60","Low","Simple","e=0.03 (RC)",0.0185199212473702
"596","c","SEM","60","Low","Simple","e=0.03 (RC)",0.009529749690119
"599","c","SS","60","Low","Simple","e=0.03 (RC)",0.0480730705106054
"602","c","BS","100","Low","Correct","e=0.03 (RC)",0.0420523038276098
"605","c","RS","100","Low","Correct","e=0.03 (RC)",-0.0484374991487405
"608","c","ILV","100","Low","Correct","e=0.03 (RC)",0.00410571080044882
"611","c","SEM","100","Low","Correct","e=0.03 (RC)",-0.00726201461156861
"614","c","SS","100","Low","Correct","e=0.03 (RC)",0.0450146782097023
"617","c","BS","100","Low","Simple","e=0.03 (RC)",0.0423690183571716
"620","c","RS","100","Low","Simple","e=0.03 (RC)",-0.0237492940364184
"623","c","ILV","100","Low","Simple","e=0.03 (RC)",0.0132479313665326
"626","c","SEM","100","Low","Simple","e=0.03 (RC)",0.00868319211619375
"629","c","SS","100","Low","Simple","e=0.03 (RC)",0.0450146782097023
"632","c","BS","200","Low","Correct","e=0.03 (RC)",0.0455274689183682
"635","c","RS","200","Low","Correct","e=0.03 (RC)",-0.0431290014605076
"638","c","ILV","200","Low","Correct","e=0.03 (RC)",0.00304741103440513
"641","c","SEM","200","Low","Correct","e=0.03 (RC)",-0.00127370333937134
"644","c","SS","200","Low","Correct","e=0.03 (RC)",0.0467343877056242
"647","c","BS","200","Low","Simple","e=0.03 (RC)",0.0457887068491343
"650","c","RS","200","Low","Simple","e=0.03 (RC)",-0.0189840177767112
"653","c","ILV","200","Low","Simple","e=0.03 (RC)",0.0150572154679382
"656","c","SEM","200","Low","Simple","e=0.03 (RC)",0.0134705134010627
"659","c","SS","200","Low","Simple","e=0.03 (RC)",0.0467343877056242
"662","c","BS","300","Low","Correct","e=0.03 (RC)",0.045566867450159
"665","c","RS","300","Low","Correct","e=0.03 (RC)",-0.0444579305021421
"668","c","ILV","300","Low","Correct","e=0.03 (RC)",0.00176222869904982
"671","c","SEM","300","Low","Correct","e=0.03 (RC)",-0.00137388790655643
"674","c","SS","300","Low","Correct","e=0.03 (RC)",0.0465052738009845
"677","c","BS","300","Low","Simple","e=0.03 (RC)",0.0458342096891731
"680","c","RS","300","Low","Simple","e=0.03 (RC)",-0.0199869947112112
"683","c","ILV","300","Low","Simple","e=0.03 (RC)",0.0146496417085214
"686","c","SEM","300","Low","Simple","e=0.03 (RC)",0.0132017434634038
"689","c","SS","300","Low","Simple","e=0.03 (RC)",0.0465052738009845
"692","c","BS","400","Low","Correct","e=0.03 (RC)",0.043684062336854
"695","c","RS","400","Low","Correct","e=0.03 (RC)",-0.0455208838808518
"698","c","ILV","400","Low","Correct","e=0.03 (RC)",-0.000806093524358414
"701","c","SEM","400","Low","Correct","e=0.03 (RC)",-0.00289038864031085
"704","c","SS","400","Low","Correct","e=0.03 (RC)",0.0449754617173315
"707","c","BS","400","Low","Simple","e=0.03 (RC)",0.0440952907978381
"710","c","RS","400","Low","Simple","e=0.03 (RC)",-0.0212989282053508
"713","c","ILV","400","Low","Simple","e=0.03 (RC)",0.0126802834419301
"716","c","SEM","400","Low","Simple","e=0.03 (RC)",0.0116096431797885
"719","c","SS","400","Low","Simple","e=0.03 (RC)",0.0449754617173315
"722","c","BS","30","Low","Correct","e=0.09 (RC)",0.0436039666370778
"725","c","RS","30","Low","Correct","e=0.09 (RC)",-0.0585224607266832
"728","c","ILV","30","Low","Correct","e=0.09 (RC)",0.0330071846972277
"731","c","SEM","30","Low","Correct","e=0.09 (RC)",-0.00866100738746608
"734","c","SS","30","Low","Correct","e=0.09 (RC)",0.045464431896948
"737","c","BS","30","Low","Simple","e=0.09 (RC)",0.0474067187752163
"740","c","RS","30","Low","Simple","e=0.09 (RC)",-0.00311379579180665
"743","c","ILV","30","Low","Simple","e=0.09 (RC)",0.0355635690302695
"746","c","SEM","30","Low","Simple","e=0.09 (RC)",0.0260039366320296
"749","c","SS","30","Low","Simple","e=0.09 (RC)",0.045464431896948
"752","c","BS","60","Low","Correct","e=0.09 (RC)",0.0561402120863278
"755","c","RS","60","Low","Correct","e=0.09 (RC)",-0.0407243096951254
"758","c","ILV","60","Low","Correct","e=0.09 (RC)",0.0190746152935342
"761","c","SEM","60","Low","Correct","e=0.09 (RC)",0.00092080795528021
"764","c","SS","60","Low","Correct","e=0.09 (RC)",0.057292677906109
"767","c","BS","60","Low","Simple","e=0.09 (RC)",0.055359666206388
"770","c","RS","60","Low","Simple","e=0.09 (RC)",0.0240894528505291
"773","c","ILV","60","Low","Simple","e=0.09 (RC)",0.0427493570924726
"776","c","SEM","60","Low","Simple","e=0.09 (RC)",0.0409759689382628
"779","c","SS","60","Low","Simple","e=0.09 (RC)",0.057292677906109
"782","c","BS","100","Low","Correct","e=0.09 (RC)",0.0511353185941599
"785","c","RS","100","Low","Correct","e=0.09 (RC)",-0.0414478192084764
"788","c","ILV","100","Low","Correct","e=0.09 (RC)",0.0127161414792698
"791","c","SEM","100","Low","Correct","e=0.09 (RC)",8.95561825185894e-05
"794","c","SS","100","Low","Correct","e=0.09 (RC)",0.0529497539960025
"797","c","BS","100","Low","Simple","e=0.09 (RC)",0.0535932677141818
"800","c","RS","100","Low","Simple","e=0.09 (RC)",0.0245226431152837
"803","c","ILV","100","Low","Simple","e=0.09 (RC)",0.041902817588208
"806","c","SEM","100","Low","Simple","e=0.09 (RC)",0.0404294483127833
"809","c","SS","100","Low","Simple","e=0.09 (RC)",0.0529497539960025
"812","c","BS","200","Low","Correct","e=0.09 (RC)",0.046471177702355
"815","c","RS","200","Low","Correct","e=0.09 (RC)",-0.0488084815662149
"818","c","ILV","200","Low","Correct","e=0.09 (RC)",0.00143087160710969
"821","c","SEM","200","Low","Correct","e=0.09 (RC)",-0.00430242674380883
"824","c","SS","200","Low","Correct","e=0.09 (RC)",0.0479511706185164
"827","c","BS","200","Low","Simple","e=0.09 (RC)",0.0498673451330127
"830","c","RS","200","Low","Simple","e=0.09 (RC)",0.0164841241611938
"833","c","ILV","200","Low","Simple","e=0.09 (RC)",0.0353607149805755
"836","c","SEM","200","Low","Simple","e=0.09 (RC)",0.0343162822078128
"839","c","SS","200","Low","Simple","e=0.09 (RC)",0.0479511706185164
"842","c","BS","300","Low","Correct","e=0.09 (RC)",0.0466617108527896
"845","c","RS","300","Low","Correct","e=0.09 (RC)",-0.0501939728910064
"848","c","ILV","300","Low","Correct","e=0.09 (RC)",-0.000221836940231712
"851","c","SEM","300","Low","Correct","e=0.09 (RC)",-0.00407592356592473
"854","c","SS","300","Low","Correct","e=0.09 (RC)",0.0476575668787541
"857","c","BS","300","Low","Simple","e=0.09 (RC)",0.0482683953931504
"860","c","RS","300","Low","Simple","e=0.09 (RC)",0.0128245894192695
"863","c","ILV","300","Low","Simple","e=0.09 (RC)",0.0324566476156007
"866","c","SEM","300","Low","Simple","e=0.09 (RC)",0.0317225522216248
"869","c","SS","300","Low","Simple","e=0.09 (RC)",0.0476575668787541
"872","c","BS","400","Low","Correct","e=0.09 (RC)",0.0467939518395786
"875","c","RS","400","Low","Correct","e=0.09 (RC)",-0.0498968380933377
"878","c","ILV","400","Low","Correct","e=0.09 (RC)",-0.00135732130963147
"881","c","SEM","400","Low","Correct","e=0.09 (RC)",-0.00351738848977248
"884","c","SS","400","Low","Correct","e=0.09 (RC)",0.0470618399366093
"887","c","BS","400","Low","Simple","e=0.09 (RC)",0.0477731585527528
"890","c","RS","400","Low","Simple","e=0.09 (RC)",0.0109546012687714
"893","c","ILV","400","Low","Simple","e=0.09 (RC)",0.0316213353931307
"896","c","SEM","400","Low","Simple","e=0.09 (RC)",0.0305603700104941
"899","c","SS","400","Low","Simple","e=0.09 (RC)",0.0470618399366093
"902","c","BS","30","Wide","Correct","e=0.09 (XL)",0.0219122090747456
"905","c","RS","30","Wide","Correct","e=0.09 (XL)",-0.00838664532101934
"908","c","ILV","30","Wide","Correct","e=0.09 (XL)",0.0213413291113581
"911","c","SEM","30","Wide","Correct","e=0.09 (XL)",0.0071557492244829
"914","c","SS","30","Wide","Correct","e=0.09 (XL)",0.118053056801893
"917","c","BS","30","Wide","Simple","e=0.09 (XL)",0.171468117711586
"920","c","RS","30","Wide","Simple","e=0.09 (XL)",0.144283239658278
"923","c","ILV","30","Wide","Simple","e=0.09 (XL)",0.168596491852676
"926","c","SEM","30","Wide","Simple","e=0.09 (XL)",0.160460633152713
"929","c","SS","30","Wide","Simple","e=0.09 (XL)",0.193053025592854
"932","c","BS","60","Wide","Correct","e=0.09 (XL)",0.0163396912231454
"935","c","RS","60","Wide","Correct","e=0.09 (XL)",-0.015977602522666
"938","c","ILV","60","Wide","Correct","e=0.09 (XL)",0.00625217051628084
"941","c","SEM","60","Wide","Correct","e=0.09 (XL)",0.000134056737533493
"944","c","SS","60","Wide","Correct","e=0.09 (XL)",0.111247167775675
"947","c","BS","60","Wide","Simple","e=0.09 (XL)",0.174275983721994
"950","c","RS","60","Wide","Simple","e=0.09 (XL)",0.149341544885038
"953","c","ILV","60","Wide","Simple","e=0.09 (XL)",0.161187088237173
"956","c","SEM","60","Wide","Simple","e=0.09 (XL)",0.161424652610457
"959","c","SS","60","Wide","Simple","e=0.09 (XL)",0.19040825905489
"962","c","BS","100","Wide","Correct","e=0.09 (XL)",0.0205453962094832
"965","c","RS","100","Wide","Correct","e=0.09 (XL)",-0.0141939451092269
"968","c","ILV","100","Wide","Correct","e=0.09 (XL)",0.00689496614249987
"971","c","SEM","100","Wide","Correct","e=0.09 (XL)",0.0031273551664255
"974","c","SS","100","Wide","Correct","e=0.09 (XL)",0.115403664083918
"977","c","BS","100","Wide","Simple","e=0.09 (XL)",0.175365325240185
"980","c","RS","100","Wide","Simple","e=0.09 (XL)",0.149533788246785
"983","c","ILV","100","Wide","Simple","e=0.09 (XL)",0.161643743828404
"986","c","SEM","100","Wide","Simple","e=0.09 (XL)",0.161703807975401
"989","c","SS","100","Wide","Simple","e=0.09 (XL)",0.190566366281051
"992","c","BS","200","Wide","Correct","e=0.09 (XL)",0.0191720682174719
"995","c","RS","200","Wide","Correct","e=0.09 (XL)",-0.0154393436586301
"998","c","ILV","200","Wide","Correct","e=0.09 (XL)",0.00358627840569788
"1001","c","SEM","200","Wide","Correct","e=0.09 (XL)",0.00190391387259459
"1004","c","SS","200","Wide","Correct","e=0.09 (XL)",0.112585643372799
"1007","c","BS","200","Wide","Simple","e=0.09 (XL)",0.174317596573577
"1010","c","RS","200","Wide","Simple","e=0.09 (XL)",0.150370379185834
"1013","c","ILV","200","Wide","Simple","e=0.09 (XL)",0.162260706518706
"1016","c","SEM","200","Wide","Simple","e=0.09 (XL)",0.161782794404851
"1019","c","SS","200","Wide","Simple","e=0.09 (XL)",0.190262622649178
"1022","c","BS","300","Wide","Correct","e=0.09 (XL)",0.0182244694537975
"1025","c","RS","300","Wide","Correct","e=0.09 (XL)",-0.0180296014472423
"1028","c","ILV","300","Wide","Correct","e=0.09 (XL)",0.00150164802389154
"1031","c","SEM","300","Wide","Correct","e=0.09 (XL)",0.000123843769034053
"1034","c","SS","300","Wide","Correct","e=0.09 (XL)",0.112106821210337
"1037","c","BS","300","Wide","Simple","e=0.09 (XL)",0.173022202013265
"1040","c","RS","300","Wide","Simple","e=0.09 (XL)",0.148184469660477
"1043","c","ILV","300","Wide","Simple","e=0.09 (XL)",0.160401231429911
"1046","c","SEM","300","Wide","Simple","e=0.09 (XL)",0.159994838092084
"1049","c","SS","300","Wide","Simple","e=0.09 (XL)",0.19022535397334
"1052","c","BS","400","Wide","Correct","e=0.09 (XL)",0.0175644520168899
"1055","c","RS","400","Wide","Correct","e=0.09 (XL)",-0.0184460654713873
"1058","c","ILV","400","Wide","Correct","e=0.09 (XL)",0.000361901569648518
"1061","c","SEM","400","Wide","Correct","e=0.09 (XL)",-0.000404437546417446
"1064","c","SS","400","Wide","Correct","e=0.09 (XL)",0.111684594471809
"1067","c","BS","400","Wide","Simple","e=0.09 (XL)",0.172721316631964
"1070","c","RS","400","Wide","Simple","e=0.09 (XL)",0.148530172133477
"1073","c","ILV","400","Wide","Simple","e=0.09 (XL)",0.160290061936836
"1076","c","SEM","400","Wide","Simple","e=0.09 (XL)",0.160066022600246
"1079","c","SS","400","Wide","Simple","e=0.09 (XL)",0.190541800675694
"1082","c","BS","30","Wide","Correct","e=0.03 (XL)",0.0140178143621475
"1085","c","RS","30","Wide","Correct","e=0.03 (XL)",-0.0177692581900601
"1088","c","ILV","30","Wide","Correct","e=0.03 (XL)",0.0108901377372687
"1091","c","SEM","30","Wide","Correct","e=0.03 (XL)",-0.00338183349942605
"1094","c","SS","30","Wide","Correct","e=0.03 (XL)",0.0592890565574176
"1097","c","BS","30","Wide","Simple","e=0.03 (XL)",0.060378659307404
"1100","c","RS","30","Wide","Simple","e=0.03 (XL)",0.024890957519662
"1103","c","ILV","30","Wide","Simple","e=0.03 (XL)",0.0485707600790585
"1106","c","SEM","30","Wide","Simple","e=0.03 (XL)",0.0412900841234784
"1109","c","SS","30","Wide","Simple","e=0.03 (XL)",0.0798382093532227
"1112","c","BS","60","Wide","Correct","e=0.03 (XL)",0.0202254840806102
"1115","c","RS","60","Wide","Correct","e=0.03 (XL)",-0.0149687210457715
"1118","c","ILV","60","Wide","Correct","e=0.03 (XL)",0.00825953435178171
"1121","c","SEM","60","Wide","Correct","e=0.03 (XL)",0.00212904038192419
"1124","c","SS","60","Wide","Correct","e=0.03 (XL)",0.0640158294031241
"1127","c","BS","60","Wide","Simple","e=0.03 (XL)",0.0645562326455664
"1130","c","RS","60","Wide","Simple","e=0.03 (XL)",0.0276284599272097
"1133","c","ILV","60","Wide","Simple","e=0.03 (XL)",0.0484769946249987
"1136","c","SEM","60","Wide","Simple","e=0.03 (XL)",0.0454404623566968
"1139","c","SS","60","Wide","Simple","e=0.03 (XL)",0.0810570199601556
"1142","c","BS","100","Wide","Correct","e=0.03 (XL)",0.0196941882708332
"1145","c","RS","100","Wide","Correct","e=0.03 (XL)",-0.0178992764796141
"1148","c","ILV","100","Wide","Correct","e=0.03 (XL)",0.00437624085815778
"1151","c","SEM","100","Wide","Correct","e=0.03 (XL)",0.000462520705356639
"1154","c","SS","100","Wide","Correct","e=0.03 (XL)",0.0621685007816361
"1157","c","BS","100","Wide","Simple","e=0.03 (XL)",0.0649964142905743
"1160","c","RS","100","Wide","Simple","e=0.03 (XL)",0.0271451362954195
"1163","c","ILV","100","Wide","Simple","e=0.03 (XL)",0.0476306575752352
"1166","c","SEM","100","Wide","Simple","e=0.03 (XL)",0.0453475210846694
"1169","c","SS","100","Wide","Simple","e=0.03 (XL)",0.0803124249441706
"1172","c","BS","200","Wide","Correct","e=0.03 (XL)",0.01976424528252
"1175","c","RS","200","Wide","Correct","e=0.03 (XL)",-0.0186417520060687
"1178","c","ILV","200","Wide","Correct","e=0.03 (XL)",0.00185270225733015
"1181","c","SEM","200","Wide","Correct","e=0.03 (XL)",0.000194775614714476
"1184","c","SS","200","Wide","Correct","e=0.03 (XL)",0.0649913409437109
"1187","c","BS","200","Wide","Simple","e=0.03 (XL)",0.0648821528671444
"1190","c","RS","200","Wide","Simple","e=0.03 (XL)",0.0268736039318558
"1193","c","ILV","200","Wide","Simple","e=0.03 (XL)",0.0459753830059662
"1196","c","SEM","200","Wide","Simple","e=0.03 (XL)",0.0452429691228879
"1199","c","SS","200","Wide","Simple","e=0.03 (XL)",0.0814169392457849
"1202","c","BS","300","Wide","Correct","e=0.03 (XL)",0.0182438184254718
"1205","c","RS","300","Wide","Correct","e=0.03 (XL)",-0.020662306208904
"1208","c","ILV","300","Wide","Correct","e=0.03 (XL)",-0.000482422292000087
"1211","c","SEM","300","Wide","Correct","e=0.03 (XL)",-0.00158809191558093
"1214","c","SS","300","Wide","Correct","e=0.03 (XL)",0.0605353011283715
"1217","c","BS","300","Wide","Simple","e=0.03 (XL)",0.0629630629460407
"1220","c","RS","300","Wide","Simple","e=0.03 (XL)",0.0248581168365433
"1223","c","ILV","300","Wide","Simple","e=0.03 (XL)",0.0435257465780869
"1226","c","SEM","300","Wide","Simple","e=0.03 (XL)",0.0432792115375562
"1229","c","SS","300","Wide","Simple","e=0.03 (XL)",0.0787956829569764
"1232","c","BS","400","Wide","Correct","e=0.03 (XL)",0.0198480871899783
"1235","c","RS","400","Wide","Correct","e=0.03 (XL)",-0.0185764026616599
"1238","c","ILV","400","Wide","Correct","e=0.03 (XL)",0.00105374637562495
"1241","c","SEM","400","Wide","Correct","e=0.03 (XL)",0.000300538242408725
"1244","c","SS","400","Wide","Correct","e=0.03 (XL)",0.0644521496899499
"1247","c","BS","400","Wide","Simple","e=0.03 (XL)",0.0645222134806308
"1250","c","RS","400","Wide","Simple","e=0.03 (XL)",0.0268797907732852
"1253","c","ILV","400","Wide","Simple","e=0.03 (XL)",0.0456347151242661
"1256","c","SEM","400","Wide","Simple","e=0.03 (XL)",0.045109112776109
"1259","c","SS","400","Wide","Simple","e=0.03 (XL)",0.0804655121739437
"1262","c","BS","30","Wide","Correct","e=0",0.0173801307969372
"1265","c","RS","30","Wide","Correct","e=0",-0.0193965285543547
"1268","c","ILV","30","Wide","Correct","e=0",0.00669185447338195
"1271","c","SEM","30","Wide","Correct","e=0",-0.00177011071494829
"1274","c","SS","30","Wide","Correct","e=0",0.0303524123362857
"1277","c","BS","30","Wide","Simple","e=0",0.0173801307969372
"1280","c","RS","30","Wide","Simple","e=0",-0.0193965285543547
"1283","c","ILV","30","Wide","Simple","e=0",0.00669185447338195
"1286","c","SEM","30","Wide","Simple","e=0",-0.00177011071494829
"1289","c","SS","30","Wide","Simple","e=0",0.0303524123362857
"1292","c","BS","60","Wide","Correct","e=0",0.0167554316979864
"1295","c","RS","60","Wide","Correct","e=0",-0.0222325873810131
"1298","c","ILV","60","Wide","Correct","e=0",-0.000665659015725048
"1301","c","SEM","60","Wide","Correct","e=0",-0.00352890997286192
"1304","c","SS","60","Wide","Correct","e=0",0.0263477995428244
"1307","c","BS","60","Wide","Simple","e=0",0.0167554316979864
"1310","c","RS","60","Wide","Simple","e=0",-0.0222325873810131
"1313","c","ILV","60","Wide","Simple","e=0",-0.000665659015725048
"1316","c","SEM","60","Wide","Simple","e=0",-0.00352890997286192
"1319","c","SS","60","Wide","Simple","e=0",0.0263477995428244
"1322","c","BS","100","Wide","Correct","e=0",0.0199822479414977
"1325","c","RS","100","Wide","Correct","e=0",-0.0195760279197848
"1328","c","ILV","100","Wide","Correct","e=0",0.00133156184914987
"1331","c","SEM","100","Wide","Correct","e=0",-0.000456312785034862
"1334","c","SS","100","Wide","Correct","e=0",0.0283059457601405
"1337","c","BS","100","Wide","Simple","e=0",0.0199822479414977
"1340","c","RS","100","Wide","Simple","e=0",-0.0195760279197848
"1343","c","ILV","100","Wide","Simple","e=0",0.00133156184914987
"1346","c","SEM","100","Wide","Simple","e=0",-0.000456312785034862
"1349","c","SS","100","Wide","Simple","e=0",0.0283059457601405
"1352","c","BS","200","Wide","Correct","e=0",0.0203052835803759
"1355","c","RS","200","Wide","Correct","e=0",-0.0199599001447202
"1358","c","ILV","200","Wide","Correct","e=0",0.000546989161809522
"1361","c","SEM","200","Wide","Correct","e=0",-0.000416657795416034
"1364","c","SS","200","Wide","Correct","e=0",0.0286412499222025
"1367","c","BS","200","Wide","Simple","e=0",0.0203052835803759
"1370","c","RS","200","Wide","Simple","e=0",-0.0199599001447202
"1373","c","ILV","200","Wide","Simple","e=0",0.000546989161809522
"1376","c","SEM","200","Wide","Simple","e=0",-0.000416657795416034
"1379","c","SS","200","Wide","Simple","e=0",0.0286412499222025
"1382","c","BS","300","Wide","Correct","e=0",0.0191838716946586
"1385","c","RS","300","Wide","Correct","e=0",-0.0210410913470692
"1388","c","ILV","300","Wide","Correct","e=0",-0.000894799181123618
"1391","c","SEM","300","Wide","Correct","e=0",-0.00149856349922062
"1394","c","SS","300","Wide","Correct","e=0",0.0278305904514811
"1397","c","BS","300","Wide","Simple","e=0",0.0191838716946586
"1400","c","RS","300","Wide","Simple","e=0",-0.0210410913470692
"1403","c","ILV","300","Wide","Simple","e=0",-0.000894799181123618
"1406","c","SEM","300","Wide","Simple","e=0",-0.00149856349922062
"1409","c","SS","300","Wide","Simple","e=0",0.0278305904514811
"1412","c","BS","400","Wide","Correct","e=0",0.0213101554564154
"1415","c","RS","400","Wide","Correct","e=0",-0.0182726515902901
"1418","c","ILV","400","Wide","Correct","e=0",0.00131097261358117
"1421","c","SEM","400","Wide","Correct","e=0",0.000981954966158538
"1424","c","SS","400","Wide","Correct","e=0",0.0296961774118177
"1427","c","BS","400","Wide","Simple","e=0",0.0213101554564154
"1430","c","RS","400","Wide","Simple","e=0",-0.0182726515902901
"1433","c","ILV","400","Wide","Simple","e=0",0.00131097261358117
"1436","c","SEM","400","Wide","Simple","e=0",0.000981954966158538
"1439","c","SS","400","Wide","Simple","e=0",0.0296961774118177
"1442","c","BS","30","Wide","Correct","e=0.03 (RC)",0.0194531026444279
"1445","c","RS","30","Wide","Correct","e=0.03 (RC)",-0.0273219623158859
"1448","c","ILV","30","Wide","Correct","e=0.03 (RC)",-0.00127998995213477
"1451","c","SEM","30","Wide","Correct","e=0.03 (RC)",-0.00810896663904223
"1454","c","SS","30","Wide","Correct","e=0.03 (RC)",0.0285476058779363
"1457","c","BS","30","Wide","Simple","e=0.03 (RC)",0.026361151503991
"1460","c","RS","30","Wide","Simple","e=0.03 (RC)",-0.00617051008664716
"1463","c","ILV","30","Wide","Simple","e=0.03 (RC)",0.0130938536997339
"1466","c","SEM","30","Wide","Simple","e=0.03 (RC)",0.00789872357440775
"1469","c","SS","30","Wide","Simple","e=0.03 (RC)",0.0285476058779363
"1472","c","BS","60","Wide","Correct","e=0.03 (RC)",0.019524462419244
"1475","c","RS","60","Wide","Correct","e=0.03 (RC)",-0.0218472242421287
"1478","c","ILV","60","Wide","Correct","e=0.03 (RC)",-0.000632506162035727
"1481","c","SEM","60","Wide","Correct","e=0.03 (RC)",-0.00208527518272228
"1484","c","SS","60","Wide","Correct","e=0.03 (RC)",0.0298875190966022
"1487","c","BS","60","Wide","Simple","e=0.03 (RC)",0.0217602226406944
"1490","c","RS","60","Wide","Simple","e=0.03 (RC)",-0.0098906239192565
"1493","c","ILV","60","Wide","Simple","e=0.03 (RC)",0.00800651581399485
"1496","c","SEM","60","Wide","Simple","e=0.03 (RC)",0.00555800858301459
"1499","c","SS","60","Wide","Simple","e=0.03 (RC)",0.0298875190966022
"1502","c","BS","100","Wide","Correct","e=0.03 (RC)",0.0223515594608295
"1505","c","RS","100","Wide","Correct","e=0.03 (RC)",-0.019284205576
"1508","c","ILV","100","Wide","Correct","e=0.03 (RC)",0.00193995990879196
"1511","c","SEM","100","Wide","Correct","e=0.03 (RC)",0.000714864193000178
"1514","c","SS","100","Wide","Correct","e=0.03 (RC)",0.0312541727711093
"1517","c","BS","100","Wide","Simple","e=0.03 (RC)",0.0237202712921413
"1520","c","RS","100","Wide","Simple","e=0.03 (RC)",-0.0080747834281762
"1523","c","ILV","100","Wide","Simple","e=0.03 (RC)",0.00876612159657103
"1526","c","SEM","100","Wide","Simple","e=0.03 (RC)",0.00748385817874311
"1529","c","SS","100","Wide","Simple","e=0.03 (RC)",0.0312541727711093
"1532","c","BS","200","Wide","Correct","e=0.03 (RC)",0.0241280978761431
"1535","c","RS","200","Wide","Correct","e=0.03 (RC)",-0.0185178805544771
"1538","c","ILV","200","Wide","Correct","e=0.03 (RC)",0.00265660207563419
"1541","c","SEM","200","Wide","Correct","e=0.03 (RC)",0.00210411614471671
"1544","c","SS","200","Wide","Correct","e=0.03 (RC)",0.0325450847044692
"1547","c","BS","200","Wide","Simple","e=0.03 (RC)",0.0245900479696996
"1550","c","RS","200","Wide","Simple","e=0.03 (RC)",-0.00775137941706559
"1553","c","ILV","200","Wide","Simple","e=0.03 (RC)",0.00885948471833555
"1556","c","SEM","200","Wide","Simple","e=0.03 (RC)",0.00813736904452162
"1559","c","SS","200","Wide","Simple","e=0.03 (RC)",0.0325450847044692
"1562","c","BS","300","Wide","Correct","e=0.03 (RC)",0.0217172417795376
"1565","c","RS","300","Wide","Correct","e=0.03 (RC)",-0.0225191262334158
"1568","c","ILV","300","Wide","Correct","e=0.03 (RC)",-0.000501673074793333
"1571","c","SEM","300","Wide","Correct","e=0.03 (RC)",-0.00107879852686046
"1574","c","SS","300","Wide","Correct","e=0.03 (RC)",0.0298898704104733
"1577","c","BS","300","Wide","Simple","e=0.03 (RC)",0.0224318093286454
"1580","c","RS","300","Wide","Simple","e=0.03 (RC)",-0.0105757359422921
"1583","c","ILV","300","Wide","Simple","e=0.03 (RC)",0.00650241766762135
"1586","c","SEM","300","Wide","Simple","e=0.03 (RC)",0.00565216708656477
"1589","c","SS","300","Wide","Simple","e=0.03 (RC)",0.0298898704104733
"1592","c","BS","400","Wide","Correct","e=0.03 (RC)",0.0235017091537008
"1595","c","RS","400","Wide","Correct","e=0.03 (RC)",-0.0204630285874727
"1598","c","ILV","400","Wide","Correct","e=0.03 (RC)",0.00152678633988748
"1601","c","SEM","400","Wide","Correct","e=0.03 (RC)",0.000879019746903693
"1604","c","SS","400","Wide","Correct","e=0.03 (RC)",0.031622193975964
"1607","c","BS","400","Wide","Simple","e=0.03 (RC)",0.0239947237107829
"1610","c","RS","400","Wide","Simple","e=0.03 (RC)",-0.00876968769689694
"1613","c","ILV","400","Wide","Simple","e=0.03 (RC)",0.00757520014958195
"1616","c","SEM","400","Wide","Simple","e=0.03 (RC)",0.0073574031910139
"1619","c","SS","400","Wide","Simple","e=0.03 (RC)",0.031622193975964
"1622","c","BS","30","Wide","Correct","e=0.09 (RC)",0.0192172385165534
"1625","c","RS","30","Wide","Correct","e=0.09 (RC)",-0.0353154255040499
"1628","c","ILV","30","Wide","Correct","e=0.09 (RC)",-0.00169793020169588
"1631","c","SEM","30","Wide","Correct","e=0.09 (RC)",-0.0112391525568663
"1634","c","SS","30","Wide","Correct","e=0.09 (RC)",0.0357816199101325
"1637","c","BS","30","Wide","Simple","e=0.09 (RC)",0.0265315577252396
"1640","c","RS","30","Wide","Simple","e=0.09 (RC)",0.00619059141871696
"1643","c","ILV","30","Wide","Simple","e=0.09 (RC)",0.019798871027649
"1646","c","SEM","30","Wide","Simple","e=0.09 (RC)",0.0165448633788648
"1649","c","SS","30","Wide","Simple","e=0.09 (RC)",0.0357816199101325
"1652","c","BS","60","Wide","Correct","e=0.09 (RC)",0.027682311661127
"1655","c","RS","60","Wide","Correct","e=0.09 (RC)",-0.0199133697435102
"1658","c","ILV","60","Wide","Correct","e=0.09 (RC)",0.00660515995968431
"1661","c","SEM","60","Wide","Correct","e=0.09 (RC)",0.00241928432667643
"1664","c","SS","60","Wide","Correct","e=0.09 (RC)",0.0375256517064839
"1667","c","BS","60","Wide","Simple","e=0.09 (RC)",0.0325017544030686
"1670","c","RS","60","Wide","Simple","e=0.09 (RC)",0.0146970003452909
"1673","c","ILV","60","Wide","Simple","e=0.09 (RC)",0.024891200911327
"1676","c","SEM","60","Wide","Simple","e=0.09 (RC)",0.0235522042691744
"1679","c","SS","60","Wide","Simple","e=0.09 (RC)",0.0375256517064839
"1682","c","BS","100","Wide","Correct","e=0.09 (RC)",0.0208833871182625
"1685","c","RS","100","Wide","Correct","e=0.09 (RC)",-0.0284306812928616
"1688","c","ILV","100","Wide","Correct","e=0.09 (RC)",-0.00289296935102543
"1691","c","SEM","100","Wide","Correct","e=0.09 (RC)",-0.00484463457700062
"1694","c","SS","100","Wide","Correct","e=0.09 (RC)",0.0311873790695042
"1697","c","BS","100","Wide","Simple","e=0.09 (RC)",0.0249716127441257
"1700","c","RS","100","Wide","Simple","e=0.09 (RC)",0.0066856158295761
"1703","c","ILV","100","Wide","Simple","e=0.09 (RC)",0.016640739238555
"1706","c","SEM","100","Wide","Simple","e=0.09 (RC)",0.015800982807723
"1709","c","SS","100","Wide","Simple","e=0.09 (RC)",0.0311873790695042
"1712","c","BS","200","Wide","Correct","e=0.09 (RC)",0.0260768693309103
"1715","c","RS","200","Wide","Correct","e=0.09 (RC)",-0.02258292663399
"1718","c","ILV","200","Wide","Correct","e=0.09 (RC)",0.00231310429466943
"1721","c","SEM","200","Wide","Correct","e=0.09 (RC)",0.000933830584477921
"1724","c","SS","200","Wide","Correct","e=0.09 (RC)",0.0353583178224561
"1727","c","BS","200","Wide","Simple","e=0.09 (RC)",0.0308708323391644
"1730","c","RS","200","Wide","Simple","e=0.09 (RC)",0.0132519191634175
"1733","c","ILV","200","Wide","Simple","e=0.09 (RC)",0.0225655991842859
"1736","c","SEM","200","Wide","Simple","e=0.09 (RC)",0.0220596381076318
"1739","c","SS","200","Wide","Simple","e=0.09 (RC)",0.0353583178224561
"1742","c","BS","300","Wide","Correct","e=0.09 (RC)",0.0235936360502112
"1745","c","RS","300","Wide","Correct","e=0.09 (RC)",-0.0259980666206261
"1748","c","ILV","300","Wide","Correct","e=0.09 (RC)",-0.00131788841324226
"1751","c","SEM","300","Wide","Correct","e=0.09 (RC)",-0.00204699721871186
"1754","c","SS","300","Wide","Correct","e=0.09 (RC)",0.0321377201678433
"1757","c","BS","300","Wide","Simple","e=0.09 (RC)",0.0273524322315172
"1760","c","RS","300","Wide","Simple","e=0.09 (RC)",0.00926534499857167
"1763","c","ILV","300","Wide","Simple","e=0.09 (RC)",0.0183277432584686
"1766","c","SEM","300","Wide","Simple","e=0.09 (RC)",0.0183048141952473
"1769","c","SS","300","Wide","Simple","e=0.09 (RC)",0.0321377201678433
"1772","c","BS","400","Wide","Correct","e=0.09 (RC)",0.0263610710114545
"1775","c","RS","400","Wide","Correct","e=0.09 (RC)",-0.0230786886900756
"1778","c","ILV","400","Wide","Correct","e=0.09 (RC)",0.00187601373412695
"1781","c","SEM","400","Wide","Correct","e=0.09 (RC)",0.000845619547562801
"1784","c","SS","400","Wide","Correct","e=0.09 (RC)",0.0342681905109342
"1787","c","BS","400","Wide","Simple","e=0.09 (RC)",0.029993777812899
"1790","c","RS","400","Wide","Simple","e=0.09 (RC)",0.0122346279823436
"1793","c","ILV","400","Wide","Simple","e=0.09 (RC)",0.0211927203272252
"1796","c","SEM","400","Wide","Simple","e=0.09 (RC)",0.0211203251545671
"1799","c","SS","400","Wide","Simple","e=0.09 (RC)",0.0342681905109342
"1802","c","BS","30","High","Correct","e=0.09 (XL)",0.0114860058192662
"1805","c","RS","30","High","Correct","e=0.09 (XL)",-0.00918168349412867
"1808","c","ILV","30","High","Correct","e=0.09 (XL)",0.00957500153539315
"1811","c","SEM","30","High","Correct","e=0.09 (XL)",0.00102207941310641
"1814","c","SS","30","High","Correct","e=0.09 (XL)",0.045518501272155
"1817","c","BS","30","High","Simple","e=0.09 (XL)",0.110477483453449
"1820","c","RS","30","High","Simple","e=0.09 (XL)",0.0903351805247699
"1823","c","ILV","30","High","Simple","e=0.09 (XL)",0.10451683277006
"1826","c","SEM","30","High","Simple","e=0.09 (XL)",0.100016021103859
"1829","c","SS","30","High","Simple","e=0.09 (XL)",0.12375226245394
"1832","c","BS","60","High","Correct","e=0.09 (XL)",0.0120021480336646
"1835","c","RS","60","High","Correct","e=0.09 (XL)",-0.0105694729168466
"1838","c","ILV","60","High","Correct","e=0.09 (XL)",0.00414476322756768
"1841","c","SEM","60","High","Correct","e=0.09 (XL)",0.000601531591115705
"1844","c","SS","60","High","Correct","e=0.09 (XL)",0.0431997346106388
"1847","c","BS","60","High","Simple","e=0.09 (XL)",0.110504490497864
"1850","c","RS","60","High","Simple","e=0.09 (XL)",0.0897692780699646
"1853","c","ILV","60","High","Simple","e=0.09 (XL)",0.102001567163413
"1856","c","SEM","60","High","Simple","e=0.09 (XL)",0.0997764197466305
"1859","c","SS","60","High","Simple","e=0.09 (XL)",0.12471501550486
"1862","c","BS","100","High","Correct","e=0.09 (XL)",0.0149786879943005
"1865","c","RS","100","High","Correct","e=0.09 (XL)",-0.00772141060922865
"1868","c","ILV","100","High","Correct","e=0.09 (XL)",0.00565419969392177
"1871","c","SEM","100","High","Correct","e=0.09 (XL)",0.00353874280392679
"1874","c","SS","100","High","Correct","e=0.09 (XL)",0.0414310688130362
"1877","c","BS","100","High","Simple","e=0.09 (XL)",0.110809714735616
"1880","c","RS","100","High","Simple","e=0.09 (XL)",0.0903582879324308
"1883","c","ILV","100","High","Simple","e=0.09 (XL)",0.101498947268827
"1886","c","SEM","100","High","Simple","e=0.09 (XL)",0.100256354930008
"1889","c","SS","100","High","Simple","e=0.09 (XL)",0.125461022993978
"1892","c","BS","200","High","Correct","e=0.09 (XL)",0.00937666575374394
"1895","c","RS","200","High","Correct","e=0.09 (XL)",-0.0146803398526924
"1898","c","ILV","200","High","Correct","e=0.09 (XL)",-0.0015277140845804
"1901","c","SEM","200","High","Correct","e=0.09 (XL)",-0.00274910937435178
"1904","c","SS","200","High","Correct","e=0.09 (XL)",0.0372617273152707
"1907","c","BS","200","High","Simple","e=0.09 (XL)",0.106321509091069
"1910","c","RS","200","High","Simple","e=0.09 (XL)",0.0848483269500046
"1913","c","ILV","200","High","Simple","e=0.09 (XL)",0.0955441720499922
"1916","c","SEM","200","High","Simple","e=0.09 (XL)",0.0952397025346278
"1919","c","SS","200","High","Simple","e=0.09 (XL)",0.121521492954557
"1922","c","BS","300","High","Correct","e=0.09 (XL)",0.011257046991946
"1925","c","RS","300","High","Correct","e=0.09 (XL)",-0.0127843190278133
"1928","c","ILV","300","High","Correct","e=0.09 (XL)",-0.000154102642890467
"1931","c","SEM","300","High","Correct","e=0.09 (XL)",-0.000849585516079868
"1934","c","SS","300","High","Correct","e=0.09 (XL)",0.0392711050897285
"1937","c","BS","300","High","Simple","e=0.09 (XL)",0.10802112019769
"1940","c","RS","300","High","Simple","e=0.09 (XL)",0.0865640499039187
"1943","c","ILV","300","High","Simple","e=0.09 (XL)",0.0975906765395842
"1946","c","SEM","300","High","Simple","e=0.09 (XL)",0.0969571804197522
"1949","c","SS","300","High","Simple","e=0.09 (XL)",0.122695209657076
"1952","c","BS","400","High","Correct","e=0.09 (XL)",0.0126197228086682
"1955","c","RS","400","High","Correct","e=0.09 (XL)",-0.0116343768423315
"1958","c","ILV","400","High","Correct","e=0.09 (XL)",0.000797950445800996
"1961","c","SEM","400","High","Correct","e=0.09 (XL)",0.00041363197585452
"1964","c","SS","400","High","Correct","e=0.09 (XL)",0.0399952592085869
"1967","c","BS","400","High","Simple","e=0.09 (XL)",0.108680645965787
"1970","c","RS","400","High","Simple","e=0.09 (XL)",0.0871108672848881
"1973","c","ILV","400","High","Simple","e=0.09 (XL)",0.0978738203719348
"1976","c","SEM","400","High","Simple","e=0.09 (XL)",0.0975649787670329
"1979","c","SS","400","High","Simple","e=0.09 (XL)",0.123360490313999
"1982","c","BS","30","High","Correct","e=0.03 (XL)",0.00562158503498232
"1985","c","RS","30","High","Correct","e=0.03 (XL)",-0.0173696988555109
"1988","c","ILV","30","High","Correct","e=0.03 (XL)",0.00182539148100533
"1991","c","SEM","30","High","Correct","e=0.03 (XL)",-0.00616057031434541
"1994","c","SS","30","High","Correct","e=0.03 (XL)",-0.00457776464163497
"1997","c","BS","30","High","Simple","e=0.03 (XL)",0.0375644899625708
"2000","c","RS","30","High","Simple","e=0.03 (XL)",0.0132232249587861
"2003","c","ILV","30","High","Simple","e=0.03 (XL)",0.0284727611763509
"2006","c","SEM","30","High","Simple","e=0.03 (XL)",0.0249841013191393
"2009","c","SS","30","High","Simple","e=0.03 (XL)",0.0432433868899713
"2012","c","BS","60","High","Correct","e=0.03 (XL)",0.0129094810686955
"2015","c","RS","60","High","Correct","e=0.03 (XL)",-0.0102793463122318
"2018","c","ILV","60","High","Correct","e=0.03 (XL)",0.0043536298034985
"2021","c","SEM","60","High","Correct","e=0.03 (XL)",0.00109830468224445
"2024","c","SS","60","High","Correct","e=0.03 (XL)",0.00246170822498756
"2027","c","BS","60","High","Simple","e=0.03 (XL)",0.046579931831371
"2030","c","RS","60","High","Simple","e=0.03 (XL)",0.0234362534589376
"2033","c","ILV","60","High","Simple","e=0.03 (XL)",0.0367427654361142
"2036","c","SEM","60","High","Simple","e=0.03 (XL)",0.0347175387438934
"2039","c","SS","60","High","Simple","e=0.03 (XL)",0.0510204292809865
"2042","c","BS","100","High","Correct","e=0.03 (XL)",0.0131475661173389
"2045","c","RS","100","High","Correct","e=0.03 (XL)",-0.0112660909215093
"2048","c","ILV","100","High","Correct","e=0.03 (XL)",0.00219629414455016
"2051","c","SEM","100","High","Correct","e=0.03 (XL)",0.000738380671639464
"2054","c","SS","100","High","Correct","e=0.03 (XL)",0.00482021401291603
"2057","c","BS","100","High","Simple","e=0.03 (XL)",0.0457492004146503
"2060","c","RS","100","High","Simple","e=0.03 (XL)",0.0217214819895705
"2063","c","ILV","100","High","Simple","e=0.03 (XL)",0.0346863113725089
"2066","c","SEM","100","High","Simple","e=0.03 (XL)",0.033467507961273
"2069","c","SS","100","High","Simple","e=0.03 (XL)",0.0507304470719945
"2072","c","BS","200","High","Correct","e=0.03 (XL)",0.0117343033967293
"2075","c","RS","200","High","Correct","e=0.03 (XL)",-0.0132459526722252
"2078","c","ILV","200","High","Correct","e=0.03 (XL)",-0.000138493694717076
"2081","c","SEM","200","High","Correct","e=0.03 (XL)",-0.000960023617258513
"2084","c","SS","200","High","Correct","e=0.03 (XL)",0.00163545964020742
"2087","c","BS","200","High","Simple","e=0.03 (XL)",0.0436740696015895
"2090","c","RS","200","High","Simple","e=0.03 (XL)",0.0193412722823617
"2093","c","ILV","200","High","Simple","e=0.03 (XL)",0.0314132575853511
"2096","c","SEM","200","High","Simple","e=0.03 (XL)",0.0312391693987639
"2099","c","SS","200","High","Simple","e=0.03 (XL)",0.0481051940611508
"2102","c","BS","300","High","Correct","e=0.03 (XL)",0.0110632616396379
"2105","c","RS","300","High","Correct","e=0.03 (XL)",-0.0138885482540558
"2108","c","ILV","300","High","Correct","e=0.03 (XL)",-0.00102000134485011
"2111","c","SEM","300","High","Correct","e=0.03 (XL)",-0.00159496591481119
"2114","c","SS","300","High","Correct","e=0.03 (XL)",0.00358869558520451
"2117","c","BS","300","High","Simple","e=0.03 (XL)",0.04302633236249
"2120","c","RS","300","High","Simple","e=0.03 (XL)",0.0187723804629337
"2123","c","ILV","300","High","Simple","e=0.03 (XL)",0.03110707437396
"2126","c","SEM","300","High","Simple","e=0.03 (XL)",0.0306540476748503
"2129","c","SS","300","High","Simple","e=0.03 (XL)",0.0480306942693789
"2132","c","BS","400","High","Correct","e=0.03 (XL)",0.0118411266542919
"2135","c","RS","400","High","Correct","e=0.03 (XL)",-0.012955891547887
"2138","c","ILV","400","High","Correct","e=0.03 (XL)",-0.000261453510622113
"2141","c","SEM","400","High","Correct","e=0.03 (XL)",-0.000746551666604749
"2144","c","SS","400","High","Correct","e=0.03 (XL)",0.00227770602599367
"2147","c","BS","400","High","Simple","e=0.03 (XL)",0.0440870740854927
"2150","c","RS","400","High","Simple","e=0.03 (XL)",0.0200399232156876
"2153","c","ILV","400","High","Simple","e=0.03 (XL)",0.0320286626493836
"2156","c","SEM","400","High","Simple","e=0.03 (XL)",0.0318141054871888
"2159","c","SS","400","High","Simple","e=0.03 (XL)",0.0487708209335467
"2162","c","BS","30","High","Correct","e=0",0.0141404671593709
"2165","c","RS","30","High","Correct","e=0",-0.00955722645352499
"2168","c","ILV","30","High","Correct","e=0",0.00612292683437845
"2171","c","SEM","30","High","Correct","e=0",0.00195975135144821
"2174","c","SS","30","High","Correct","e=0",0.0156153729995189
"2177","c","BS","30","High","Simple","e=0",0.0141404671593709
"2180","c","RS","30","High","Simple","e=0",-0.00955722645352499
"2183","c","ILV","30","High","Simple","e=0",0.00612292683437845
"2186","c","SEM","30","High","Simple","e=0",0.00195975135144821
"2189","c","SS","30","High","Simple","e=0",0.0156153729995189
"2192","c","BS","60","High","Correct","e=0",0.0116958894639025
"2195","c","RS","60","High","Correct","e=0",-0.013274075393046
"2198","c","ILV","60","High","Correct","e=0",0.000540305536722941
"2201","c","SEM","60","High","Correct","e=0",-0.00107401000132979
"2204","c","SS","60","High","Correct","e=0",0.0138010765402902
"2207","c","BS","60","High","Simple","e=0",0.0116958894639025
"2210","c","RS","60","High","Simple","e=0",-0.013274075393046
"2213","c","ILV","60","High","Simple","e=0",0.000540305536722941
"2216","c","SEM","60","High","Simple","e=0",-0.00107401000132979
"2219","c","SS","60","High","Simple","e=0",0.0138010765402902
"2222","c","BS","100","High","Correct","e=0",0.0108716115822498
"2225","c","RS","100","High","Correct","e=0",-0.0142702510498886
"2228","c","ILV","100","High","Correct","e=0",-0.00109450141896953
"2231","c","SEM","100","High","Correct","e=0",-0.00195928499845983
"2234","c","SS","100","High","Correct","e=0",0.0125384645847189
"2237","c","BS","100","High","Simple","e=0",0.0108716115822498
"2240","c","RS","100","High","Simple","e=0",-0.0142702510498886
"2243","c","ILV","100","High","Simple","e=0",-0.00109450141896953
"2246","c","SEM","100","High","Simple","e=0",-0.00195928499845983
"2249","c","SS","100","High","Simple","e=0",0.0125384645847189
"2252","c","BS","200","High","Correct","e=0",0.0124203161490788
"2255","c","RS","200","High","Correct","e=0",-0.0127512143847927
"2258","c","ILV","200","High","Correct","e=0",-6.46105181727613e-05
"2261","c","SEM","200","High","Correct","e=0",-0.000404613128155573
"2264","c","SS","200","High","Correct","e=0",0.0140819284930549
"2267","c","BS","200","High","Simple","e=0",0.0124203161490788
"2270","c","RS","200","High","Simple","e=0",-0.0127512143847927
"2273","c","ILV","200","High","Simple","e=0",-6.46105181727613e-05
"2276","c","SEM","200","High","Simple","e=0",-0.000404613128155573
"2279","c","SS","200","High","Simple","e=0",0.0140819284930549
"2282","c","BS","300","High","Correct","e=0",0.0128034847525426
"2285","c","RS","300","High","Correct","e=0",-0.0124799134488033
"2288","c","ILV","300","High","Correct","e=0",0.000251312660854126
"2291","c","SEM","300","High","Correct","e=0",-7.35812134741211e-05
"2294","c","SS","300","High","Correct","e=0",0.0140646758235796
"2297","c","BS","300","High","Simple","e=0",0.0128034847525426
"2300","c","RS","300","High","Simple","e=0",-0.0124799134488033
"2303","c","ILV","300","High","Simple","e=0",0.000251312660854126
"2306","c","SEM","300","High","Simple","e=0",-7.35812134741211e-05
"2309","c","SS","300","High","Simple","e=0",0.0140646758235796
"2312","c","BS","400","High","Correct","e=0",0.0130283736729037
"2315","c","RS","400","High","Correct","e=0",-0.0122810206571792
"2318","c","ILV","400","High","Correct","e=0",0.000374231521638892
"2321","c","SEM","400","High","Correct","e=0",0.000137772278686496
"2324","c","SS","400","High","Correct","e=0",0.0145540860264892
"2327","c","BS","400","High","Simple","e=0",0.0130283736729037
"2330","c","RS","400","High","Simple","e=0",-0.0122810206571792
"2333","c","ILV","400","High","Simple","e=0",0.000374231521638892
"2336","c","SEM","400","High","Simple","e=0",0.000137772278686496
"2339","c","SS","400","High","Simple","e=0",0.0145540860264892
"2342","c","BS","30","High","Correct","e=0.03 (RC)",0.0142711058680741
"2345","c","RS","30","High","Correct","e=0.03 (RC)",-0.00914137735924622
"2348","c","ILV","30","High","Correct","e=0.03 (RC)",0.00731924206038444
"2351","c","SEM","30","High","Correct","e=0.03 (RC)",0.00224206758163807
"2354","c","SS","30","High","Correct","e=0.03 (RC)",0.02086770718488
"2357","c","BS","30","High","Simple","e=0.03 (RC)",0.0169834483753942
"2360","c","RS","30","High","Simple","e=0.03 (RC)",-0.00512081393721689
"2363","c","ILV","30","High","Simple","e=0.03 (RC)",0.00933563601283614
"2366","c","SEM","30","High","Simple","e=0.03 (RC)",0.00569449992719378
"2369","c","SS","30","High","Simple","e=0.03 (RC)",0.02086770718488
"2372","c","BS","60","High","Correct","e=0.03 (RC)",0.0147318969168066
"2375","c","RS","60","High","Correct","e=0.03 (RC)",-0.0115265630125703
"2378","c","ILV","60","High","Correct","e=0.03 (RC)",0.00381383121629807
"2381","c","SEM","60","High","Correct","e=0.03 (RC)",0.00127685476530999
"2384","c","SS","60","High","Correct","e=0.03 (RC)",0.0177941467972092
"2387","c","BS","60","High","Simple","e=0.03 (RC)",0.0153642559551646
"2390","c","RS","60","High","Simple","e=0.03 (RC)",-0.00752241728409625
"2393","c","ILV","60","High","Simple","e=0.03 (RC)",0.00517178071395127
"2396","c","SEM","60","High","Simple","e=0.03 (RC)",0.0036983522315296
"2399","c","SS","60","High","Simple","e=0.03 (RC)",0.0177941467972092
"2402","c","BS","100","High","Correct","e=0.03 (RC)",0.0136362008008784
"2405","c","RS","100","High","Correct","e=0.03 (RC)",-0.0136599486550771
"2408","c","ILV","100","High","Correct","e=0.03 (RC)",0.00114745247252849
"2411","c","SEM","100","High","Correct","e=0.03 (RC)",-0.0003228341631662
"2414","c","SS","100","High","Correct","e=0.03 (RC)",0.0157940809058715
"2417","c","BS","100","High","Simple","e=0.03 (RC)",0.0143341625084682
"2420","c","RS","100","High","Simple","e=0.03 (RC)",-0.00892930573562563
"2423","c","ILV","100","High","Simple","e=0.03 (RC)",0.00332662988791349
"2426","c","SEM","100","High","Simple","e=0.03 (RC)",0.00250110138209656
"2429","c","SS","100","High","Simple","e=0.03 (RC)",0.0157940809058715
"2432","c","BS","200","High","Correct","e=0.03 (RC)",0.0137033930999284
"2435","c","RS","200","High","Correct","e=0.03 (RC)",-0.0140803656900377
"2438","c","ILV","200","High","Correct","e=0.03 (RC)",0.000214574595146793
"2441","c","SEM","200","High","Correct","e=0.03 (RC)",-0.000491741486387247
"2444","c","SS","200","High","Correct","e=0.03 (RC)",0.0150868689884267
"2447","c","BS","200","High","Simple","e=0.03 (RC)",0.0138566558960396
"2450","c","RS","200","High","Simple","e=0.03 (RC)",-0.00950234858274125
"2453","c","ILV","200","High","Simple","e=0.03 (RC)",0.00242591962790637
"2456","c","SEM","200","High","Simple","e=0.03 (RC)",0.00198556563739528
"2459","c","SS","200","High","Simple","e=0.03 (RC)",0.0150868689884267
"2462","c","BS","300","High","Correct","e=0.03 (RC)",0.0151645529881361
"2465","c","RS","300","High","Correct","e=0.03 (RC)",-0.0124891875235945
"2468","c","ILV","300","High","Correct","e=0.03 (RC)",0.0014555275119153
"2471","c","SEM","300","High","Correct","e=0.03 (RC)",0.00104923027371341
"2474","c","SS","300","High","Correct","e=0.03 (RC)",0.0162527981553479
"2477","c","BS","300","High","Simple","e=0.03 (RC)",0.015400372388888
"2480","c","RS","300","High","Simple","e=0.03 (RC)",-0.00769490026062262
"2483","c","ILV","300","High","Simple","e=0.03 (RC)",0.00382403626157275
"2486","c","SEM","300","High","Simple","e=0.03 (RC)",0.0036701875402349
"2489","c","SS","300","High","Simple","e=0.03 (RC)",0.0162527981553479
"2492","c","BS","400","High","Correct","e=0.03 (RC)",0.0152055653643096
"2495","c","RS","400","High","Correct","e=0.03 (RC)",-0.0125718207290496
"2498","c","ILV","400","High","Correct","e=0.03 (RC)",0.00160829728878209
"2501","c","SEM","400","High","Correct","e=0.03 (RC)",0.00103867853563227
"2504","c","SS","400","High","Correct","e=0.03 (RC)",0.016223144204816
"2507","c","BS","400","High","Simple","e=0.03 (RC)",0.0154925319793911
"2510","c","RS","400","High","Simple","e=0.03 (RC)",-0.00767669036250772
"2513","c","ILV","400","High","Simple","e=0.03 (RC)",0.00400784888940607
"2516","c","SEM","400","High","Simple","e=0.03 (RC)",0.00373313673043945
"2519","c","SS","400","High","Simple","e=0.03 (RC)",0.016223144204816
"2522","c","BS","30","High","Correct","e=0.09 (RC)",0.0158048872903007
"2525","c","RS","30","High","Correct","e=0.09 (RC)",-0.0109643554740634
"2528","c","ILV","30","High","Correct","e=0.09 (RC)",0.00600523365196549
"2531","c","SEM","30","High","Correct","e=0.09 (RC)",0.00197681993789735
"2534","c","SS","30","High","Correct","e=0.09 (RC)",0.0197229136292666
"2537","c","BS","30","High","Simple","e=0.09 (RC)",0.0183643275694722
"2540","c","RS","30","High","Simple","e=0.09 (RC)",0.000527448939748754
"2543","c","ILV","30","High","Simple","e=0.09 (RC)",0.012929026595793
"2546","c","SEM","30","High","Simple","e=0.09 (RC)",0.00929573206744761
"2549","c","SS","30","High","Simple","e=0.09 (RC)",0.0197229136292666
"2552","c","BS","60","High","Correct","e=0.09 (RC)",0.012957845625899
"2555","c","RS","60","High","Correct","e=0.09 (RC)",-0.0177861715342615
"2558","c","ILV","60","High","Correct","e=0.09 (RC)",-0.000828248606220059
"2561","c","SEM","60","High","Correct","e=0.09 (RC)",-0.00285060710067245
"2564","c","SS","60","High","Correct","e=0.09 (RC)",0.0158460718270009
"2567","c","BS","60","High","Simple","e=0.09 (RC)",0.0144470036352184
"2570","c","RS","60","High","Simple","e=0.09 (RC)",-0.00516464209132212
"2573","c","ILV","60","High","Simple","e=0.09 (RC)",0.0064959289690801
"2576","c","SEM","60","High","Simple","e=0.09 (RC)",0.00450494069541117
"2579","c","SS","60","High","Simple","e=0.09 (RC)",0.0158460718270009
"2582","c","BS","100","High","Correct","e=0.09 (RC)",0.0165500833825198
"2585","c","RS","100","High","Correct","e=0.09 (RC)",-0.0141568462155314
"2588","c","ILV","100","High","Correct","e=0.09 (RC)",0.00225363236578017
"2591","c","SEM","100","High","Correct","e=0.09 (RC)",0.000828095327518277
"2594","c","SS","100","High","Correct","e=0.09 (RC)",0.0188116467021547
"2597","c","BS","100","High","Simple","e=0.09 (RC)",0.0180493094920317
"2600","c","RS","100","High","Simple","e=0.09 (RC)",-0.00140836900902197
"2603","c","ILV","100","High","Simple","e=0.09 (RC)",0.00908242606000628
"2606","c","SEM","100","High","Simple","e=0.09 (RC)",0.00821287626162921
"2609","c","SS","100","High","Simple","e=0.09 (RC)",0.0188116467021547
"2612","c","BS","200","High","Correct","e=0.09 (RC)",0.01758764400468
"2615","c","RS","200","High","Correct","e=0.09 (RC)",-0.0140555687529243
"2618","c","ILV","200","High","Correct","e=0.09 (RC)",0.00247138138745987
"2621","c","SEM","200","High","Correct","e=0.09 (RC)",0.00140684100846589
"2624","c","SS","200","High","Correct","e=0.09 (RC)",0.0186436492786268
"2627","c","BS","200","High","Simple","e=0.09 (RC)",0.018702292282574
"2630","c","RS","200","High","Simple","e=0.09 (RC)",-0.0012537357283121
"2633","c","ILV","200","High","Simple","e=0.09 (RC)",0.00904620240818107
"2636","c","SEM","200","High","Simple","e=0.09 (RC)",0.00861946177400964
"2639","c","SS","200","High","Simple","e=0.09 (RC)",0.0186436492786268
"2642","c","BS","300","High","Correct","e=0.09 (RC)",0.0131492000663428
"2645","c","RS","300","High","Correct","e=0.09 (RC)",-0.0191003384942533
"2648","c","ILV","300","High","Correct","e=0.09 (RC)",-0.00286027548518788
"2651","c","SEM","300","High","Correct","e=0.09 (RC)",-0.00335115077550451
"2654","c","SS","300","High","Correct","e=0.09 (RC)",0.014216912198513
"2657","c","BS","300","High","Simple","e=0.09 (RC)",0.0143563269204456
"2660","c","RS","300","High","Simple","e=0.09 (RC)",-0.00599112900508024
"2663","c","ILV","300","High","Simple","e=0.09 (RC)",0.00439042154646651
"2666","c","SEM","300","High","Simple","e=0.09 (RC)",0.00407163853643752
"2669","c","SS","300","High","Simple","e=0.09 (RC)",0.014216912198513
"2672","c","BS","400","High","Correct","e=0.09 (RC)",0.0164087048726171
"2675","c","RS","400","High","Correct","e=0.09 (RC)",-0.0151447738036574
"2678","c","ILV","400","High","Correct","e=0.09 (RC)",0.00053092301734258
"2681","c","SEM","400","High","Correct","e=0.09 (RC)",0.000276981572114741
"2684","c","SS","400","High","Correct","e=0.09 (RC)",0.0177261115943031
"2687","c","BS","400","High","Simple","e=0.09 (RC)",0.0173238636522582
"2690","c","RS","400","High","Simple","e=0.09 (RC)",-0.00261502765971821
"2693","c","ILV","400","High","Simple","e=0.09 (RC)",0.00745045267565479
"2696","c","SEM","400","High","Simple","e=0.09 (RC)",0.00725097742201382
"2699","c","SS","400","High","Simple","e=0.09 (RC)",0.0177261115943031
